zip,donations,total,NAME,variable,estimate,moe,per_capita
20601,1425,35154.4,ZCTA5 20601,population,27328,1457,1286.3875878220142
20602,897,22974.03999999998,ZCTA5 20602,population,28988,1690,792.5362218849172
20603,1449,54640.36000000012,ZCTA5 20603,population,32495,1906,1681.500538544395
20604,58,1159.21,NA,NA,NA,NA,NA
20606,21,293.59999999999997,ZCTA5 20606,population,247,179,1188.663967611336
20607,578,12869.199999999992,ZCTA5 20607,population,12080,1570,1065.331125827814
20608,26,960.7,ZCTA5 20608,population,603,189,1593.2006633499172
20609,48,2305.4399999999996,ZCTA5 20609,population,1240,313,1859.2258064516125
20610,40,2338.0399999999995,NA,NA,NA,NA,NA
20611,35,826.2,ZCTA5 20611,population,1127,275,733.0967169476487
20612,146,717.07,ZCTA5 20612,population,147,133,4878.027210884354
20613,1242,21712.14999999992,ZCTA5 20613,population,14800,1062,1467.037162162157
20615,156,2400.2400000000016,ZCTA5 20615,population,524,233,4580.610687022903
20616,292,6938.1399999999985,ZCTA5 20616,population,6792,1180,1021.5164899882212
20617,122,2581.13,ZCTA5 20617,population,630,283,4097.031746031746
20618,111,3086.189999999999,ZCTA5 20618,population,1087,369,2839.1812327506896
20619,1321,50741.130000000056,ZCTA5 20619,population,13925,1248,3643.8872531418356
20620,163,5863.94,ZCTA5 20620,population,1325,479,4425.615094339622
20621,39,1845.489999999999,ZCTA5 20621,population,775,368,2381.2774193548375
20622,383,17405.309999999994,ZCTA5 20622,population,5471,1124,3181.3763480168145
20623,103,2147.4399999999996,ZCTA5 20623,population,2457,389,874.0089540089539
20624,18,727.2300000000001,ZCTA5 20624,population,990,331,734.5757575757576
20625,26,1835.3699999999997,ZCTA5 20625,population,1248,404,1470.6490384615383
20626,16,1488.6,ZCTA5 20626,population,239,154,6228.451882845187
20627,3,520.24,NA,NA,NA,NA,NA
20628,88,2661.529999999999,ZCTA5 20628,population,631,331,4217.955625990489
20630,57,8129.480000000001,ZCTA5 20630,population,307,147,26480.390879478833
20632,74,1660.4599999999996,ZCTA5 20632,population,802,416,2070.399002493765
20634,2590,41293.05999999995,ZCTA5 20634,population,7853,1330,5258.252896982039
20636,1831,39801.99999999989,ZCTA5 20636,population,11089,1415,3589.322752277021
20637,1342,50569.88999999994,ZCTA5 20637,population,6221,626,8128.9004983121595
20639,4060,78700.29000000027,ZCTA5 20639,population,15058,1086,5226.476955771036
20640,1132,23500.449999999957,ZCTA5 20640,population,10629,900,2210.9746918806995
20645,104,2337.07,ZCTA5 20645,population,763,271,3063.0013106159895
20646,5750,92164.8600000004,ZCTA5 20646,population,21248,1174,4337.578125000019
20650,6687,111278.18000000074,ZCTA5 20650,population,15522,1211,7169.061976549461
20653,2289,45948.46000000004,ZCTA5 20653,population,27053,1548,1698.4607991719972
20656,4,4,ZCTA5 20656,population,203,119,19.704433497536947
20657,1350,80439.92000000038,ZCTA5 20657,population,21054,1291,3820.6478578892547
20658,11,1121.18,ZCTA5 20658,population,978,213,1146.40081799591
20659,3755,91069.19000000054,ZCTA5 20659,population,23346,1541,3900.847682686565
20660,2,2000,ZCTA5 20660,population,0,13,Inf
20662,133,9742.390000000005,ZCTA5 20662,population,2590,464,3761.540540540542
20664,281,8245.47,ZCTA5 20664,population,2780,483,2965.9964028776976
20667,30,1417.13,ZCTA5 20667,population,159,180,8912.767295597485
20670,19,705.89,ZCTA5 20670,population,1403,419,503.1290092658589
20674,209,9114.100000000006,ZCTA5 20674,population,807,389,11293.804213135076
20675,131,4188.69,ZCTA5 20675,population,2060,501,2033.3446601941746
20676,691,23146.85999999999,ZCTA5 20676,population,2897,580,7989.941318605451
20677,10510,52261.30000000037,ZCTA5 20677,population,2055,410,25431.289537713074
20678,2547,50940.49999999995,ZCTA5 20678,population,12874,846,3956.8510175547576
20680,44,1978.8,ZCTA5 20680,population,588,330,3365.3061224489793
20684,75,3987.879999999999,ZCTA5 20684,population,627,210,6360.255183413077
20685,1045,30678.48999999994,ZCTA5 20685,population,6750,915,4544.961481481472
20686,5,389.33,ZCTA5 20686,population,963,129,404.288681204569
20687,7,244.3,ZCTA5 20687,population,360,210,678.6111111111112
20688,2245,37209.47999999994,ZCTA5 20688,population,1170,509,31802.97435897431
20689,49,2773.0099999999993,ZCTA5 20689,population,1884,607,1471.8736730360931
20690,735,14588.270000000004,ZCTA5 20690,population,843,318,17305.183867141168
20692,20,1091.63,ZCTA5 20692,population,721,310,1514.0499306518727
20693,52,1714.5400000000006,ZCTA5 20693,population,1210,518,1416.975206611571
20695,426,14520.069999999992,ZCTA5 20695,population,11455,1481,1267.5748581405492
20701,15,1439.86,ZCTA5 20701,population,794,271,1813.425692695214
20703,36,1705.4399999999998,NA,NA,NA,NA,NA
20705,805,22559.73999999999,ZCTA5 20705,population,28660,1914,787.1507327285412
20706,1107,29126.840000000055,ZCTA5 20706,population,43797,2670,665.0418978468857
20707,1548,34556.44999999992,ZCTA5 20707,population,36352,1204,950.6065691021104
20708,789,54085.47,ZCTA5 20708,population,27909,1610,1937.922175642266
20709,7,876.03,NA,NA,NA,NA,NA
20710,72,2001.2699999999995,ZCTA5 20710,population,9781,194,204.60791330129837
20711,727,37307.29999999996,ZCTA5 20711,population,7435,1156,5017.794216543371
20712,173,4516.9000000000005,ZCTA5 20712,population,9630,483,469.0446521287643
20714,382,12063.769999999988,ZCTA5 20714,population,4767,973,2530.683868260958
20715,4184,142469.33000000103,ZCTA5 20715,population,26244,1068,5428.64388050606
20716,1680,27480.630000000012,ZCTA5 20716,population,22340,1189,1230.108773500448
20717,1,26.03,NA,NA,NA,NA,NA
20718,1,24.98,NA,NA,NA,NA,NA
20720,1111,34529.47999999995,ZCTA5 20720,population,26253,1812,1315.2584466537141
20721,535,14887.369999999986,ZCTA5 20721,population,30785,2089,483.5916842618154
20722,233,3351.6400000000003,ZCTA5 20722,population,6218,528,539.0221936313928
20723,1100,43215.24999999997,ZCTA5 20723,population,35845,1960,1205.6144511089403
20724,696,11786.809999999992,ZCTA5 20724,population,18345,1551,642.5080403379662
20725,12333,55055.410000000214,NA,NA,NA,NA,NA
20726,8,423.17,NA,NA,NA,NA,NA
20732,1193,30932.33999999991,ZCTA5 20732,population,10676,625,2897.371674784555
20733,781,35883.32,ZCTA5 20733,population,2669,658,13444.481079055826
20735,1180,22491.139999999927,ZCTA5 20735,population,39399,1539,570.8556054722183
20736,765,36527.33999999994,ZCTA5 20736,population,9274,835,3938.682337718346
20737,225,5443.21,ZCTA5 20737,population,24438,1646,222.73549390293803
20738,9,132,NA,NA,NA,NA,NA
20740,1193,56220.70999999998,ZCTA5 20740,population,36583,785,1536.7987863215149
20741,34,671.36,NA,NA,NA,NA,NA
20742,1,1,ZCTA5 20742,population,4263,645,0.2345765892563922
20743,183,4492.559999999999,ZCTA5 20743,population,38692,2248,116.1108239429339
20744,2353,35052.24999999999,ZCTA5 20744,population,55820,2945,627.9514510927982
20745,1032,53411.80999999974,ZCTA5 20745,population,29355,1871,1819.5132004769116
20746,140,2967.6399999999994,ZCTA5 20746,population,28078,1728,105.69271315620769
20747,375,12687.24,ZCTA5 20747,population,39279,1803,323.0031314442832
20748,653,14587.360000000004,ZCTA5 20748,population,40763,2849,357.85786129578304
20749,83,79.14999999999999,NA,NA,NA,NA,NA
20750,4,102.06,NA,NA,NA,NA,NA
20751,672,10915.30000000001,ZCTA5 20751,population,2081,396,5245.218644882273
20753,7,250.49,NA,NA,NA,NA,NA
20754,1336,44534.28999999998,ZCTA5 20754,population,7344,1018,6064.037309368188
20755,167,4977.139999999996,ZCTA5 20755,population,10011,991,497.16711617221017
20757,6,153.85,NA,NA,NA,NA,NA
20758,135,4327.030000000003,ZCTA5 20758,population,542,165,7983.450184501851
20759,1027,36052.18999999997,ZCTA5 20759,population,6125,667,5886.07183673469
20760,3,30.82,NA,NA,NA,NA,NA
20762,48,14706.78,ZCTA5 20762,population,3099,395,4745.653436592449
20763,71,3276.5099999999993,ZCTA5 20763,population,2219,748,1476.5705272645332
20764,462,12968.499999999998,ZCTA5 20764,population,3280,607,3953.8109756097556
20765,522,6221.2599999999975,ZCTA5 20765,population,604,255,10300.099337748341
20768,8,446.61,NA,NA,NA,NA,NA
20769,210,15896.250000000004,ZCTA5 20769,population,6812,1073,2333.565766294774
20770,496,21328.50999999997,ZCTA5 20770,population,28458,673,749.4732588375841
20772,1389,31955.939999999937,ZCTA5 20772,population,52596,2397,607.573579739903
20773,22,1109.36,NA,NA,NA,NA,NA
20774,841,21914.559999999983,ZCTA5 20774,population,51010,2662,429.613017055479
20775,8,80,NA,NA,NA,NA,NA
20776,1963,65721.77000000003,ZCTA5 20776,population,2966,739,22158.385030343907
20777,293,20180.67,ZCTA5 20777,population,3220,494,6267.2888198757755
20778,393,16143.259999999997,ZCTA5 20778,population,2564,673,6296.123244929796
20779,125,5277.000000000001,ZCTA5 20779,population,992,354,5319.556451612904
20781,158,10096.329999999998,ZCTA5 20781,population,13299,1385,759.1796375667342
20782,7196,26050.830000000293,ZCTA5 20782,population,34625,1977,752.370541516254
20783,527,9823.730000000003,ZCTA5 20783,population,50387,2635,194.96556651517264
20784,379,17513.350000000002,ZCTA5 20784,population,32191,1811,544.0449193874065
20785,651,38606.709999999955,ZCTA5 20785,population,41281,1821,935.2174123688853
20791,17,605.24,NA,NA,NA,NA,NA
20794,793,15510.410000000007,ZCTA5 20794,population,16035,1029,967.2846897411916
20797,23,328.5799999999999,NA,NA,NA,NA,NA
20810,7,102.54999999999998,NA,NA,NA,NA,NA
20811,8,255,NA,NA,NA,NA,NA
20812,15,2051.1,ZCTA5 20812,population,282,93,7273.404255319148
20813,43,670.26,NA,NA,NA,NA,NA
20814,2487,202639.16000000053,ZCTA5 20814,population,30234,1563,6702.3602566647
20815,3805,721210.8099999983,ZCTA5 20815,population,31080,1537,23204.981016730962
20816,2495,284897.07999999885,ZCTA5 20816,population,17390,1099,16382.810810810746
20817,3009,522987.4099999978,ZCTA5 20817,population,37795,1489,13837.476121179992
20818,316,18863.17999999999,ZCTA5 20818,population,1787,368,10555.780637940677
20824,2,10,NA,NA,NA,NA,NA
20825,4,269.4,NA,NA,NA,NA,NA
20827,174,2008.82,NA,NA,NA,NA,NA
20830,20,467.1,NA,NA,NA,NA,NA
20832,3362,114980.55000000096,ZCTA5 20832,population,25488,1217,4511.164077212844
20833,963,30259.05999999992,ZCTA5 20833,population,7949,1026,3806.6498930683006
20837,3241,57977.12000000006,ZCTA5 20837,population,6651,315,8717.053074725614
20838,24,941.08,ZCTA5 20838,population,368,162,2557.2826086956525
20839,18,512.8499999999999,ZCTA5 20839,population,161,103,3185.403726708074
20841,744,21229.879999999983,ZCTA5 20841,population,9312,1013,2279.8410652920943
20842,136,10108.009999999997,ZCTA5 20842,population,1927,340,5245.464452516864
20849,62,737.24,NA,NA,NA,NA,NA
20850,5886,203583.64000000097,ZCTA5 20850,population,51072,1675,3986.2084899749566
20851,719,18287.63,ZCTA5 20851,population,14659,1086,1247.5359847192851
20852,4380,157263.340000001,ZCTA5 20852,population,48379,2333,3250.6529692635436
20853,2626,124813.38000000051,ZCTA5 20853,population,31794,2511,3925.68975278356
20854,12131,944799.1799999998,ZCTA5 20854,population,49320,2280,19156.512165450116
20855,2795,92437.87000000042,ZCTA5 20855,population,16558,1460,5582.6712163305
20857,2,50,NA,NA,NA,NA,NA
20859,988,20682.46999999992,NA,NA,NA,NA,NA
20860,292,14416.610000000002,ZCTA5 20860,population,2279,525,6325.849056603774
20861,257,11465.850000000008,ZCTA5 20861,population,3031,869,3782.86044209832
20862,70,3784.6399999999976,ZCTA5 20862,population,268,132,14121.79104477611
20866,1219,25807.389999999996,ZCTA5 20866,population,16680,1762,1547.2056354916065
20868,122,2218.01,ZCTA5 20868,population,630,327,3520.6507936507937
20871,4612,80923.96000000063,ZCTA5 20871,population,27420,1984,2951.274981765158
20872,1755,39932.7499999999,ZCTA5 20872,population,12932,953,3087.902103309612
20874,4528,132768.29000000193,ZCTA5 20874,population,61922,2470,2144.1214754045723
20875,139,4183.309999999999,NA,NA,NA,NA,NA
20876,3321,59598.96000000026,ZCTA5 20876,population,26572,2086,2242.9233779918814
20877,4482,135030.5500000012,ZCTA5 20877,population,38524,1975,3505.1020143287615
20878,6764,261582.07000000097,ZCTA5 20878,population,65954,1713,3966.128968675152
20879,1423,46258.66000000008,ZCTA5 20879,population,27489,1961,1682.8062133944518
20880,2579,3529.360000000013,ZCTA5 20880,population,604,164,5843.311258278167
20882,2077,55039.370000000104,ZCTA5 20882,population,13962,1090,3942.0835123907823
20883,8,379.61,NA,NA,NA,NA,NA
20884,1,1,NA,NA,NA,NA,NA
20885,26,173.35,NA,NA,NA,NA,NA
20886,2666,44448.79999999998,ZCTA5 20886,population,34692,2228,1281.2406318459582
20888,51,227.00000000000003,NA,NA,NA,NA,NA
20889,3,2,ZCTA5 20889,population,158,23,12.658227848101266
20895,1821,84943.84000000029,ZCTA5 20895,population,19273,1272,4407.401027343967
20896,54,6205.740000000002,ZCTA5 20896,population,840,120,7387.785714285716
20901,1373,39357.02999999992,ZCTA5 20901,population,37207,2224,1057.7856317359615
20902,2665,111594.10000000116,ZCTA5 20902,population,53308,2181,2093.3837322728514
20903,587,24608.239999999972,ZCTA5 20903,population,25324,2283,971.735902700994
20904,3751,162519.77000000112,ZCTA5 20904,population,56532,2478,2874.8278850916495
20905,1413,51927.54000000004,ZCTA5 20905,population,17451,1768,2975.6197352587265
20906,5229,113328.51000000157,ZCTA5 20906,population,71560,2542,1583.6851593068973
20907,40,632.9200000000002,NA,NA,NA,NA,NA
20908,1,20.24,NA,NA,NA,NA,NA
20910,4974,124519.65000000046,ZCTA5 20910,population,45072,1708,2762.683040468594
20912,343,14698.359999999995,ZCTA5 20912,population,25823,1428,569.196452774658
20913,1,52.05,NA,NA,NA,NA,NA
20914,1,100,NA,NA,NA,NA,NA
20915,2,10.42,NA,NA,NA,NA,NA
20916,2,10,NA,NA,NA,NA,NA
20918,1,1,NA,NA,NA,NA,NA
20938,1,250,NA,NA,NA,NA,NA
21001,1059,32703.409999999927,ZCTA5 21001,population,25908,1040,1262.2900262467163
21005,51,1740.7099999999998,ZCTA5 21005,population,2703,540,643.9918608953014
21009,5140,66653.2000000004,ZCTA5 21009,population,32565,2153,2046.7741440196655
21010,4,76,ZCTA5 21010,population,216,265,351.85185185185185
21011,6,194,NA,NA,NA,NA,NA
21012,3137,92377.88000000056,ZCTA5 21012,population,23144,1689,3991.4396819910367
21013,1870,51311.059999999954,ZCTA5 21013,population,5382,1023,9533.827573392782
21014,7659,148802.47000000265,ZCTA5 21014,population,37097,1207,4011.1726015581494
21015,4943,124358.7200000016,ZCTA5 21015,population,30485,1828,4079.341315401069
21017,616,9860.279999999992,ZCTA5 21017,population,6177,657,1596.2894609033497
21020,2,73.93,NA,NA,NA,NA,NA
21022,6,353.2,NA,NA,NA,NA,NA
21023,18,1727.7,ZCTA5 21023,population,68,62,25407.35294117647
21028,651,12705.77,ZCTA5 21028,population,2974,395,4272.283120376597
21029,996,55820.07999999995,ZCTA5 21029,population,13817,1531,4039.9565752334042
21030,2511,108375.52000000064,ZCTA5 21030,population,25133,1745,4312.080531572063
21031,3,121.07,ZCTA5 21031,population,26,42,4656.538461538461
21032,2557,106763.8800000004,ZCTA5 21032,population,8040,1015,13279.089552238855
21034,196,4830.949999999999,ZCTA5 21034,population,2958,452,1633.181203515889
21035,1619,105207.05000000032,ZCTA5 21035,population,8360,859,12584.575358851715
21036,128,7781.639999999995,ZCTA5 21036,population,2145,385,3627.8041958041936
21037,2560,132253.67000000077,ZCTA5 21037,population,21060,1490,6279.851377018081
21040,1925,35919.79999999996,ZCTA5 21040,population,25110,1503,1430.4978096375928
21041,24,1808.51,NA,NA,NA,NA,NA
21042,5156,197983.37000000064,ZCTA5 21042,population,42528,1902,4655.3651711813545
21043,6185,122321.36000000112,ZCTA5 21043,population,47309,2147,2585.583292819572
21044,2871,89628.98000000049,ZCTA5 21044,population,45100,2073,1987.3388026607647
21045,2114,65944.75000000004,ZCTA5 21045,population,40980,1625,1609.1935090287957
21046,1732,41757.79999999992,ZCTA5 21046,population,15894,943,2627.2681515037075
21047,1600,55999.08000000003,ZCTA5 21047,population,13419,1285,4173.118712273644
21048,1342,54494.54000000002,ZCTA5 21048,population,9759,1013,5584.029101342353
21050,2703,80880.23000000008,ZCTA5 21050,population,18076,1132,4474.45397211773
21051,23,1247.9199999999998,ZCTA5 21051,population,113,95,11043.539823008849
21052,33,576.63,ZCTA5 21052,population,438,259,1316.5068493150684
21053,1337,18719.859999999982,ZCTA5 21053,population,3051,680,6135.647328744669
21054,1243,55027.50999999999,ZCTA5 21054,population,15687,2248,3507.841524829476
21056,146,61699,ZCTA5 21056,population,318,225,194022.01257861633
21057,803,30587.21999999996,ZCTA5 21057,population,4530,760,6752.14569536423
21060,2913,77188.22000000016,ZCTA5 21060,population,38418,1871,2009.1680982872654
21061,4334,94884.25000000096,ZCTA5 21061,population,55172,2745,1719.7899296744902
21071,73,2712.2000000000007,ZCTA5 21071,population,526,276,5156.273764258556
21074,1937,41324.14,ZCTA5 21074,population,15146,1206,2728.3863726396407
21075,1098,38737.78999999992,ZCTA5 21075,population,36176,2498,1070.81462848297
21076,1184,37133.1999999999,ZCTA5 21076,population,22041,1730,1684.732997595386
21077,3,86.21000000000001,ZCTA5 21077,population,105,110,821.0476190476192
21078,3100,79610.61000000061,ZCTA5 21078,population,19820,684,4016.6806256307073
21082,236,4434.750000000003,ZCTA5 21082,population,694,258,6390.129682997122
21084,1880,31766.83999999992,ZCTA5 21084,population,7366,989,4312.63100733097
21085,2769,60720.31000000001,ZCTA5 21085,population,16590,1310,3660.0548523206758
21087,2194,51768.68000000009,ZCTA5 21087,population,5597,525,9249.362158299105
21088,5,207.86,NA,NA,NA,NA,NA
21090,912,24629.47999999995,ZCTA5 21090,population,10346,1099,2380.5799342741107
21092,1,48.93,NA,NA,NA,NA,NA
21093,9103,260605.55000000255,ZCTA5 21093,population,38961,1886,6688.8824722158715
21094,15,371.92,NA,NA,NA,NA,NA
21102,1820,33108.76999999995,ZCTA5 21102,population,12024,959,2753.55705256154
21104,1121,24535.42999999998,ZCTA5 21104,population,6077,966,4037.42471614283
21106,2,73.93,NA,NA,NA,NA,NA
21108,2665,93759.31000000042,ZCTA5 21108,population,18046,1493,5195.572980161832
21111,900,31044.06999999993,ZCTA5 21111,population,4838,659,6416.715584952445
21113,2621,93812.13000000056,ZCTA5 21113,population,36495,2114,2570.547472256489
21114,5108,183088.8100000013,ZCTA5 21114,population,25126,1537,7286.826792963516
21117,3482,100675.68000000092,ZCTA5 21117,population,58516,2594,1720.4812359013079
21120,1165,36591.729999999945,ZCTA5 21120,population,7319,822,4999.553217652677
21122,9814,198584.7000000016,ZCTA5 21122,population,61444,2461,3231.9624373413453
21123,23,811.1700000000001,NA,NA,NA,NA,NA
21128,1706,38107.33999999993,ZCTA5 21128,population,15934,1436,2391.5739927199656
21130,5,202,ZCTA5 21130,population,21,24,9619.047619047618
21131,986,53588.45,ZCTA5 21131,population,7722,710,6939.711214711214
21132,1935,26892.71999999997,ZCTA5 21132,population,3110,547,8647.17684887459
21133,853,11557.72999999996,ZCTA5 21133,population,32070,1892,360.390707826628
21136,5753,117010.2300000019,ZCTA5 21136,population,35038,1566,3339.5236600263115
21139,72,2126.1,NA,NA,NA,NA,NA
21140,372,14685.769999999997,ZCTA5 21140,population,4255,790,3451.414806110458
21144,4088,93118.1200000007,ZCTA5 21144,population,37041,2081,2513.920250533212
21146,4267,170297.64000000138,ZCTA5 21146,population,29710,1689,5731.997307303985
21150,2,260,NA,NA,NA,NA,NA
21152,506,25937.42999999998,ZCTA5 21152,population,6517,978,3979.964707687583
21153,84,9404.070000000003,ZCTA5 21153,population,676,204,13911.34615384616
21154,1432,32637.779999999988,ZCTA5 21154,population,7059,963,4623.56991075223
21155,225,8949.849999999999,ZCTA5 21155,population,3063,660,2921.9229513548808
21156,38,1853.68,ZCTA5 21156,population,362,247,5120.6629834254145
21157,4538,133764.6600000017,ZCTA5 21157,population,39816,1944,3359.570524412339
21158,2036,62736.160000000025,ZCTA5 21158,population,23011,1135,2726.3552214158453
21160,432,7897.949999999998,ZCTA5 21160,population,2716,756,2907.934462444771
21161,855,25529.959999999937,ZCTA5 21161,population,5625,877,4538.659555555545
21162,327,8861.850000000008,ZCTA5 21162,population,4322,618,2050.4049051365128
21163,2253,31190.8699999999,ZCTA5 21163,population,7222,767,4318.868734422585
21164,1,100,NA,NA,NA,NA,NA
21201,1094,21142.500000000044,ZCTA5 21201,population,18305,1566,1155.0122917235751
21202,492,22378.09999999997,ZCTA5 21202,population,20115,1216,1112.5080785483453
21203,13,4779.48,NA,NA,NA,NA,NA
21204,8428,189115.3200000032,ZCTA5 21204,population,20188,1071,9367.709530414268
21205,80,3283.3199999999997,ZCTA5 21205,population,14684,1763,223.59847453010076
21206,814,20841.259999999973,ZCTA5 21206,population,51020,2346,408.49196393571094
21207,511,14736.519999999984,ZCTA5 21207,population,51765,2665,284.6811552207087
21208,3218,69404.8800000002,ZCTA5 21208,population,37319,1885,1859.7733058227764
21209,1197,39362.56999999995,ZCTA5 21209,population,29960,2204,1313.8374499332426
21210,586,22138.40999999998,ZCTA5 21210,population,15005,893,1475.4021992669097
21211,373,14625.330000000002,ZCTA5 21211,population,15935,805,917.811735174145
21212,1784,57711.109999999935,ZCTA5 21212,population,33861,1974,1704.3533859011823
21213,222,5964.939999999996,ZCTA5 21213,population,28862,1842,206.6710553669183
21214,930,10893.830000000007,ZCTA5 21214,population,21510,1718,506.454207345421
21215,1294,21237.409999999996,ZCTA5 21215,population,53674,2752,395.67406938182353
21216,38,780.86,ZCTA5 21216,population,28385,2344,27.5096001409195
21217,524,7613.850000000001,ZCTA5 21217,population,31634,1810,240.68565467534935
21218,1068,22943.169999999973,ZCTA5 21218,population,46548,1868,492.8927128985128
21219,1407,24274.23999999998,ZCTA5 21219,population,9605,1032,2527.2503904216533
21220,6821,123716.15000000082,ZCTA5 21220,population,42652,2196,2900.5943449310894
21221,3435,71861.3400000003,ZCTA5 21221,population,43822,2188,1639.8461959746317
21222,3186,58565.289999999986,ZCTA5 21222,population,60013,2825,975.8767267092128
21223,189,5440.709999999999,ZCTA5 21223,population,20728,1461,262.4811848707063
21224,4252,97096.64000000036,ZCTA5 21224,population,44915,2124,2161.786485583889
21225,1693,20727.42999999996,ZCTA5 21225,population,34872,1646,594.386040376232
21226,355,6695.000000000005,ZCTA5 21226,population,5902,1298,1134.361233480177
21227,1904,36017.46000000001,ZCTA5 21227,population,35052,1827,1027.5436494351252
21228,8380,190287.5699999994,ZCTA5 21228,population,50268,2299,3785.4613272857364
21229,1451,43146.99999999995,ZCTA5 21229,population,44332,2465,973.2698727781275
21230,3292,42890.42000000036,ZCTA5 21230,population,32883,1938,1304.3341544263103
21231,156,11765.870000000004,ZCTA5 21231,population,14780,1104,796.0669824086607
21234,4150,80660.86000000071,ZCTA5 21234,population,66095,2210,1220.377638247987
21236,5367,102116.84000000118,ZCTA5 21236,population,38632,2124,2643.3226340857627
21237,1956,57059.060000000005,ZCTA5 21237,population,30983,1755,1841.6247619662397
21239,410,10179.439999999997,ZCTA5 21239,population,28417,2114,358.21656050955403
21240,1,26.03,ZCTA5 21240,population,0,13,Inf
21241,2,75,NA,NA,NA,NA,NA
21244,549,13203.5,ZCTA5 21244,population,39501,2300,334.25736057315004
21247,7,167.08,NA,NA,NA,NA,NA
21250,2,105.21,ZCTA5 21250,population,2959,570,35.55593105778979
21251,50,1973.96,ZCTA5 21251,population,319,106,6187.962382445141
21252,4,100,ZCTA5 21252,population,4456,247,22.44165170556553
21263,6,84.28,NA,NA,NA,NA,NA
21279,5,73,NA,NA,NA,NA,NA
21284,4,313.29999999999995,NA,NA,NA,NA,NA
21286,3403,97379.96999999994,ZCTA5 21286,population,21142,1217,4605.996121464381
21287,1,1,ZCTA5 21287,population,0,13,Inf
21401,8690,458704.35999999574,ZCTA5 21401,population,40442,1625,11342.27684090786
21402,64,1129.13,ZCTA5 21402,population,2727,511,414.05573890722405
21403,3952,180484.76000000135,ZCTA5 21403,population,32207,1921,5603.898531375209
21404,14,3117.25,NA,NA,NA,NA,NA
21405,107,3649.420000000001,ZCTA5 21405,population,383,140,9528.51174934726
21409,4980,188649.09000000064,ZCTA5 21409,population,20619,1066,9149.284155390691
21412,6,172.66000000000005,NA,NA,NA,NA,NA
21501,5,30,NA,NA,NA,NA,NA
21502,4775,103737.06000000116,ZCTA5 21502,population,41291,828,2512.3407037853567
21505,2,42.14,NA,NA,NA,NA,NA
21520,98,3721.250000000001,ZCTA5 21520,population,2056,423,1809.9464980544751
21521,33,1075.8800000000003,ZCTA5 21521,population,1426,291,754.4740532959329
21522,1,47,NA,NA,NA,NA,NA
21523,7,86.89,ZCTA5 21523,population,133,77,653.3082706766917
21524,20,457.2,ZCTA5 21524,population,740,229,617.8378378378378
21529,57,1045.86,ZCTA5 21529,population,575,181,1818.886956521739
21530,89,1889.75,ZCTA5 21530,population,1783,406,1059.8710039259677
21531,246,7033.79,ZCTA5 21531,population,2014,321,3492.447864945382
21532,2300,30815.46000000011,ZCTA5 21532,population,13229,662,2329.386952906502
21536,814,7843.590000000014,ZCTA5 21536,population,3945,388,1988.2357414448704
21538,29,862.24,ZCTA5 21538,population,571,175,1510.0525394045535
21539,32,1421.7499999999998,ZCTA5 21539,population,2095,289,678.6396181384247
21540,1,21.07,ZCTA5 21540,population,94,65,224.14893617021278
21541,216,9666.629999999996,ZCTA5 21541,population,1682,303,5747.104637336501
21543,280,4508.579999999999,ZCTA5 21543,population,277,136,16276.46209386281
21545,64,1568.5600000000002,ZCTA5 21545,population,1693,259,926.497341996456
21550,1221,35610.61999999992,ZCTA5 21550,population,13640,705,2610.7492668621644
21552,1,1,NA,NA,NA,NA,NA
21555,98,2438.6499999999987,ZCTA5 21555,population,1515,317,1609.6699669966988
21556,2,53.05,NA,NA,NA,NA,NA
21557,69,1298.9399999999994,ZCTA5 21557,population,1782,483,728.9225589225586
21560,40,438.4,ZCTA5 21560,population,0,13,Inf
21561,323,20203.78999999999,ZCTA5 21561,population,2517,391,8026.932856575284
21562,73,1325.5500000000004,ZCTA5 21562,population,3248,573,408.11268472906414
21601,3519,198588.0400000003,ZCTA5 21601,population,23589,768,8418.671414642431
21607,10,253.65,ZCTA5 21607,population,522,231,485.9195402298851
21610,22,612.65,ZCTA5 21610,population,363,94,1687.7410468319558
21612,40,2340.93,ZCTA5 21612,population,557,279,4202.746858168761
21613,1016,25820.179999999946,ZCTA5 21613,population,17945,506,1438.8509334076314
21617,1393,44502.849999999904,ZCTA5 21617,population,10401,813,4278.708778002107
21619,1752,53307.83999999997,ZCTA5 21619,population,5776,636,9229.196675900272
21620,3547,57317.93000000011,ZCTA5 21620,population,13636,712,4203.426958052223
21622,47,1015.8599999999996,ZCTA5 21622,population,348,105,2919.1379310344814
21623,160,11603.930000000004,ZCTA5 21623,population,2187,350,5305.86648376772
21624,2,200,ZCTA5 21624,population,201,123,995.0248756218906
21625,181,6536.09,ZCTA5 21625,population,2329,368,2806.3933018462862
21628,76,1665.3,ZCTA5 21628,population,360,183,4625.833333333333
21629,702,26028.75999999993,ZCTA5 21629,population,9988,505,2606.0032038446066
21631,106,2140.9599999999996,ZCTA5 21631,population,2787,465,768.1951919626837
21632,385,8560.209999999992,ZCTA5 21632,population,6504,482,1316.1454489544883
21634,12,660.53,ZCTA5 21634,population,367,141,1799.809264305177
21635,909,25782.629999999972,ZCTA5 21635,population,1836,373,14042.826797385605
21636,140,3741.630000000001,ZCTA5 21636,population,824,272,4540.813106796118
21638,688,24723.95999999996,ZCTA5 21638,population,5064,606,4882.298578199044
21639,299,4298.609999999999,ZCTA5 21639,population,4734,588,908.0291508238274
21640,21,870.59,ZCTA5 21640,population,1374,338,633.6171761280932
21643,129,3421.1600000000003,ZCTA5 21643,population,5021,515,681.3702449711213
21644,21,1489.06,ZCTA5 21644,population,40,55,37226.5
21645,799,16686.719999999976,ZCTA5 21645,population,1231,367,13555.418359057658
21647,2,1046.02,ZCTA5 21647,population,450,187,2324.488888888889
21648,6,292.18000000000006,ZCTA5 21648,population,181,89,1614.2541436464094
21649,11,251.31,ZCTA5 21649,population,2205,525,113.97278911564626
21650,36,743.2800000000001,ZCTA5 21650,population,308,172,2413.2467532467535
21651,114,4187.79,ZCTA5 21651,population,2346,447,1785.076726342711
21652,6,186.33,ZCTA5 21652,population,143,85,1303.0069930069933
21653,5,115.48,ZCTA5 21653,population,105,64,1099.8095238095239
21654,475,35940.680000000015,ZCTA5 21654,population,1260,263,28524.34920634922
21655,911,15795.929999999988,ZCTA5 21655,population,4753,454,3323.3599831685224
21657,81,4380.89,ZCTA5 21657,population,1437,388,3048.6360473208074
21658,1085,46045.019999999975,ZCTA5 21658,population,3883,420,11858.10455833118
21659,3060,58483.720000000016,ZCTA5 21659,population,1225,346,47741.81224489797
21660,318,8391.409999999993,ZCTA5 21660,population,4100,346,2046.6853658536568
21661,1483,30077.569999999967,ZCTA5 21661,population,2571,314,11698.782574873578
21662,168,15801.980000000009,ZCTA5 21662,population,657,188,24051.719939117214
21663,1221,42010.009999999944,ZCTA5 21663,population,3646,492,11522.218869994498
21664,12,606.3299999999999,ZCTA5 21664,population,642,229,944.4392523364485
21665,55,6186.34,ZCTA5 21665,population,164,86,37721.58536585366
21666,2612,85565.16000000027,ZCTA5 21666,population,14193,955,6028.687381103379
21667,5,207,ZCTA5 21667,population,218,97,949.5412844036697
21668,399,6508.429999999995,ZCTA5 21668,population,1842,339,3533.349619978281
21669,15,1276.6999999999998,ZCTA5 21669,population,186,64,6863.978494623655
21671,57,2785.99,ZCTA5 21671,population,805,219,3460.857142857142
21672,2,46.05,ZCTA5 21672,population,113,86,407.52212389380526
21673,188,8611.570000000002,ZCTA5 21673,population,2793,352,3083.26888650197
21675,1,25,ZCTA5 21675,population,46,29,543.4782608695651
21676,21,710.0500000000001,ZCTA5 21676,population,333,181,2132.2822822822823
21677,128,1134.9900000000007,ZCTA5 21677,population,598,195,1897.9765886287637
21678,43,1922.5899999999997,ZCTA5 21678,population,1685,317,1141.0029673590502
21679,81,2694.7099999999996,ZCTA5 21679,population,255,124,10567.49019607843
21701,6057,114826.3500000018,ZCTA5 21701,population,40787,1700,2815.2683453061463
21702,5174,126991.27000000182,ZCTA5 21702,population,46596,1984,2725.36848656541
21703,2098,67041.95000000004,ZCTA5 21703,population,39606,1671,1692.7220623137919
21704,1240,58343.60999999997,ZCTA5 21704,population,18473,1181,3158.31808585503
21705,33,1493.22,ZCTA5 21705,population,5,8,298644
21710,301,13761.380000000008,ZCTA5 21710,population,4988,719,2758.897353648759
21711,27,898.0700000000002,ZCTA5 21711,population,864,249,1039.4328703703707
21713,1288,40229.73999999996,ZCTA5 21713,population,9999,740,4023.3763376337597
21714,12,290.82000000000005,ZCTA5 21714,population,272,174,1069.1911764705883
21715,22,502.48,ZCTA5 21715,population,12,22,41873.333333333336
21716,540,16379.819999999992,ZCTA5 21716,population,6630,344,2470.56108597285
21717,54,1939.79,ZCTA5 21717,population,209,158,9281.291866028709
21718,6,494.52,ZCTA5 21718,population,143,42,3458.181818181818
21719,58,2473.4699999999993,ZCTA5 21719,population,1145,252,2160.2358078602615
21720,6,386.2199999999999,NA,NA,NA,NA,NA
21721,45,432.32,NA,NA,NA,NA,NA
21722,317,9866.599999999997,ZCTA5 21722,population,6709,1209,1470.651363839618
21723,215,3686.479999999998,ZCTA5 21723,population,689,207,5350.478955007255
21727,756,28446.509999999995,ZCTA5 21727,population,6588,422,4317.928051001821
21733,22,980.28,ZCTA5 21733,population,1202,437,815.5407653910149
21734,64,1267.72,ZCTA5 21734,population,861,226,1472.3809523809523
21737,149,9376.609999999995,ZCTA5 21737,population,2406,638,3897.177888611802
21738,1641,31309.770000000022,ZCTA5 21738,population,3786,551,8269.881141045964
21740,41865,136944.65000000247,ZCTA5 21740,population,62760,1925,2182.0371255577197
21741,22,466.39,NA,NA,NA,NA,NA
21742,5487,163741.37000000075,ZCTA5 21742,population,34549,1599,4739.3953515297335
21746,9,552.02,ZCTA5 21746,population,2613,675,211.25908916953694
21750,165,5061.7199999999975,ZCTA5 21750,population,3613,508,1400.9742596180452
21754,1220,39970.79999999996,ZCTA5 21754,population,7260,804,5505.619834710738
21755,504,21364.609999999982,ZCTA5 21755,population,5706,642,3744.23589204346
21756,336,22238.630000000005,ZCTA5 21756,population,3303,567,6732.858007871633
21757,196,10792.840000000004,ZCTA5 21757,population,2722,484,3965.0404114621615
21758,1294,30557.549999999916,ZCTA5 21758,population,4610,740,6628.535791757032
21762,53,2202.48,ZCTA5 21762,population,176,184,12514.090909090908
21765,6,551.1,NA,NA,NA,NA,NA
21766,177,1711.669999999999,ZCTA5 21766,population,544,177,3146.4522058823513
21767,271,2927.9700000000003,ZCTA5 21767,population,873,322,3353.9175257731963
21769,1570,39481.69999999997,ZCTA5 21769,population,12562,852,3142.9469829644936
21770,723,20556.359999999997,ZCTA5 21770,population,7786,1211,2640.1695350629334
21771,6746,150894.49000000267,ZCTA5 21771,population,31653,2013,4767.146557988269
21773,402,13039.27,ZCTA5 21773,population,5553,623,2348.1487484242753
21774,2844,60800.73000000003,ZCTA5 21774,population,15096,1015,4027.6053259141518
21776,1147,15895.469999999972,ZCTA5 21776,population,6434,715,2470.5424308361785
21777,105,5306.590000000001,ZCTA5 21777,population,2360,443,2248.5550847457635
21778,138,3602.839999999998,ZCTA5 21778,population,880,260,4094.136363636361
21779,121,6273.829999999999,ZCTA5 21779,population,1731,677,3624.396302715193
21780,106,3914.229999999999,ZCTA5 21780,population,1975,447,1981.8886075949363
21782,271,8791.65,ZCTA5 21782,population,4389,715,2003.11004784689
21783,718,14984.93999999998,ZCTA5 21783,population,9866,949,1518.8465436853821
21784,6982,355008.319999996,ZCTA5 21784,population,37219,1401,9538.362664230528
21787,1154,26892.229999999985,ZCTA5 21787,population,10879,601,2471.9395164996768
21788,986,20376.15,ZCTA5 21788,population,11412,864,1785.5021030494217
21791,1011,16003.319999999983,ZCTA5 21791,population,4855,783,3296.2554067971128
21793,1537,46443.080000000016,ZCTA5 21793,population,10882,788,4267.880904245545
21794,384,21564.38999999999,ZCTA5 21794,population,2309,465,9339.27674317886
21795,917,23988.369999999977,ZCTA5 21795,population,9772,1035,2454.8065902578774
21797,2300,90915.01000000056,ZCTA5 21797,population,9034,775,10063.649546159017
21798,453,9415.339999999993,ZCTA5 21798,population,2699,585,3488.454983327156
21801,2279,50766.34,ZCTA5 21801,population,30766,1652,1650.079308327374
21802,43,2320.959999999999,NA,NA,NA,NA,NA
21804,4477,63720.600000000406,ZCTA5 21804,population,38722,1490,1645.5916533237025
21810,75,2913.13,ZCTA5 21810,population,160,137,18207.0625
21811,3477,115303.71000000108,ZCTA5 21811,population,24456,739,4714.741167811624
21813,503,11720.36,ZCTA5 21813,population,2927,541,4004.2227536727023
21814,5,267.12,ZCTA5 21814,population,81,91,3297.777777777778
21817,551,19574.94999999999,ZCTA5 21817,population,4138,534,4730.53407443209
21821,73,5392.68,ZCTA5 21821,population,765,218,7049.254901960785
21822,182,10207.600000000002,ZCTA5 21822,population,2686,755,3800.29784065525
21824,8,294.93,ZCTA5 21824,population,253,150,1165.7312252964427
21826,1033,11213.05,ZCTA5 21826,population,5569,94,2013.4763871431135
21829,6,113.99,ZCTA5 21829,population,394,222,289.3147208121827
21830,231,9891.73,ZCTA5 21830,population,4837,844,2045.0134380814554
21835,19,622.25,ZCTA5 21835,population,382,130,1628.9267015706805
21837,85,2525.719999999999,ZCTA5 21837,population,3165,441,798.0157977883093
21838,168,2872.4799999999996,ZCTA5 21838,population,2219,459,1294.4930148715637
21840,8,342.2,ZCTA5 21840,population,541,357,632.532347504621
21841,80,2151.8799999999997,ZCTA5 21841,population,988,309,2178.0161943319836
21842,6872,94323.41000000104,ZCTA5 21842,population,10951,524,8613.223449913345
21843,164,18116.730000000003,NA,NA,NA,NA,NA
21849,320,9043.979999999998,ZCTA5 21849,population,3366,699,2686.8627450980384
21850,98,1950.46,ZCTA5 21850,population,3628,518,537.6130099228225
21851,1760,13319.82000000002,ZCTA5 21851,population,7072,556,1883.4587104072427
21852,2,2,NA,NA,NA,NA,NA
21853,189,7985.15,ZCTA5 21853,population,10659,673,749.1462613753636
21856,116,1575.8899999999996,ZCTA5 21856,population,924,347,1705.5086580086577
21861,30,750.4300000000003,ZCTA5 21861,population,776,188,967.0489690721653
21862,7,266.86,ZCTA5 21862,population,0,13,Inf
21863,502,14885.14,ZCTA5 21863,population,4913,619,3029.745572969672
21864,62,422.49,ZCTA5 21864,population,778,287,543.0462724935733
21865,553,5861.259999999992,ZCTA5 21865,population,393,173,14914.147582697182
21869,162,3811.920000000001,ZCTA5 21869,population,943,213,4042.3329798515388
21871,6748,28618.619999999828,ZCTA5 21871,population,1747,313,16381.579851173341
21872,67,1340.1700000000003,ZCTA5 21872,population,573,353,2338.865619546248
21874,289,5033.470000000003,ZCTA5 21874,population,2222,493,2265.288028802882
21875,571,7865.319999999991,ZCTA5 21875,population,7446,784,1056.3147998925585
21901,1807,37834.40000000001,ZCTA5 21901,population,19938,1527,1897.6025679606785
21903,722,9080.169999999973,ZCTA5 21903,population,5332,361,1702.957614403596
21904,429,10706.209999999994,ZCTA5 21904,population,5975,651,1791.83430962343
21911,2860,39679.05000000002,ZCTA5 21911,population,10804,826,3672.625879303963
21912,116,4251.120000000001,ZCTA5 21912,population,1495,465,2843.558528428094
21913,40,1308.4999999999995,ZCTA5 21913,population,878,308,1490.318906605922
21914,28,1399.7300000000002,ZCTA5 21914,population,740,256,1891.5270270270275
21915,262,10522.589999999998,ZCTA5 21915,population,2469,415,4261.883353584446
21917,138,3712.3899999999994,ZCTA5 21917,population,1884,557,1970.4830148619953
21918,682,13136.439999999982,ZCTA5 21918,population,4462,668,2944.069923800982
21919,193,7736.6,ZCTA5 21919,population,3451,578,2241.8429440741816
21920,8,227.88,ZCTA5 21920,population,1089,595,209.25619834710744
21921,6986,117748.40000000056,ZCTA5 21921,population,45081,1659,2611.92963776315
21922,22,455.97,NA,NA,NA,NA,NA
21930,1,312.3,ZCTA5 21930,population,27,42,11566.666666666666
22093,2,90,NA,NA,NA,NA,NA
22312,25,2183.76,ZCTA5 22312,population,26573,1353,82.179656041847
22905,1,47,NA,NA,NA,NA,NA
26876,1,1,NA,NA,NA,NA,NA
27549,1,30,ZCTA5 27549,population,25193,1418,1.1908069701901323
28852,16,268,NA,NA,NA,NA,NA
28878,8,146.55,NA,NA,NA,NA,NA
30328,10,88.02,ZCTA5 30328,population,39026,1845,2.2554194639471117
33371,1,1,NA,NA,NA,NA,NA
35791,1,1,NA,NA,NA,NA,NA
35827,1,1,NA,NA,NA,NA,NA
36339,1,1,NA,NA,NA,NA,NA
36362,6,120,ZCTA5 36362,population,5422,394,22.132054592401328
37535,1,1,NA,NA,NA,NA,NA
40752,1,1,NA,NA,NA,NA,NA
41880,1,1,NA,NA,NA,NA,NA
42941,1,1,NA,NA,NA,NA,NA
44593,1,1,NA,NA,NA,NA,NA
46432,1,1,NA,NA,NA,NA,NA
55094,1,1,NA,NA,NA,NA,NA
57404,1,1,NA,NA,NA,NA,NA
57876,1,1,NA,NA,NA,NA,NA
59573,1,1,NA,NA,NA,NA,NA
63584,1,1,NA,NA,NA,NA,NA
68775,1,1,NA,NA,NA,NA,NA
70109,1,1,NA,NA,NA,NA,NA
70287,1,1,NA,NA,NA,NA,NA
70960,1,1,NA,NA,NA,NA,NA
71990,1,1,NA,NA,NA,NA,NA
72605,1,1,NA,NA,NA,NA,NA
75177,1,1,NA,NA,NA,NA,NA
75690,1,1,NA,NA,NA,NA,NA
76381,1,1,NA,NA,NA,NA,NA
79023,1,1,NA,NA,NA,NA,NA
79644,1,1,NA,NA,NA,NA,NA
81779,1,1,NA,NA,NA,NA,NA
83486,1,1,NA,NA,NA,NA,NA
86119,1,1,NA,NA,NA,NA,NA
87963,1,1,NA,NA,NA,NA,NA
88952,1,1,NA,NA,NA,NA,NA
89707,1,1,NA,NA,NA,NA,NA
92348,1,1,NA,NA,NA,NA,NA
97645,1,1,NA,NA,NA,NA,NA
98598,1,1,NA,NA,NA,NA,NA
98677,1,1,NA,NA,NA,NA,NA
